{"cameraMode":{"drawMode":0,"name":"Shaded","section":"Shading Mode"},"sceneLighting":true,"audioPlay":false,"sceneViewState":{"m_AlwaysRefresh":false,"showFog":true,"showSkybox":true,"showFlares":true,"showImageEffects":true,"showParticleSystems":true,"showVisualEffectGraphs":true,"m_FxEnabled":true},"in2DMode":false,"pivot":{"x":-30.345626831054689,"y":9.56246280670166,"z":-16.704849243164064},"rotation":{"x":-0.0014988319016993046,"y":-0.9980986714363098,"z":0.02635543793439865,"w":-0.05696874111890793},"size":1.2037808895111085,"orthographic":true}