{"cameraMode":{"drawMode":0,"name":"Shaded","section":"Shading Mode"},"sceneLighting":true,"audioPlay":false,"sceneViewState":{"m_AlwaysRefresh":false,"showFog":true,"showSkybox":true,"showFlares":true,"showImageEffects":true,"showParticleSystems":true,"showVisualEffectGraphs":true,"m_FxEnabled":true},"in2DMode":false,"pivot":{"x":-7.233985900878906,"y":4.049723148345947,"z":1.6367167234420777},"rotation":{"x":0.06451574712991715,"y":0.672882616519928,"z":-0.059093475341796878,"w":0.7345707416534424},"size":2.4100639820098879,"orthographic":false}