{"cameraMode":{"drawMode":0,"name":"Shaded","section":"Shading Mode"},"sceneLighting":true,"audioPlay":false,"sceneViewState":{"m_AlwaysRefresh":false,"showFog":true,"showSkybox":true,"showFlares":true,"showImageEffects":true,"showParticleSystems":true,"showVisualEffectGraphs":true,"m_FxEnabled":true},"in2DMode":false,"pivot":{"x":-60.646812438964847,"y":26.017671585083009,"z":1.3551278114318848},"rotation":{"x":-0.08910536020994187,"y":-0.8809820413589478,"z":0.18391042947769166,"w":-0.4268682897090912},"size":6.135503768920898,"orthographic":true}