{"cameraMode":{"drawMode":0,"name":"Shaded","section":"Shading Mode"},"sceneLighting":true,"audioPlay":false,"sceneViewState":{"m_AlwaysRefresh":false,"showFog":true,"showSkybox":true,"showFlares":true,"showImageEffects":true,"showParticleSystems":true,"showVisualEffectGraphs":true,"m_FxEnabled":true},"in2DMode":false,"pivot":{"x":0.8019832372665405,"y":4.82354211807251,"z":-10.628969192504883},"rotation":{"x":0.14098624885082246,"y":-0.1349899172782898,"z":0.019409755244851114,"w":0.980579137802124},"size":1.7499942779541016,"orthographic":false}