{"cameraMode":{"drawMode":0,"name":"Shaded","section":"Shading Mode"},"sceneLighting":false,"audioPlay":false,"sceneViewState":{"m_AlwaysRefresh":false,"showFog":false,"showSkybox":false,"showFlares":false,"showImageEffects":false,"showParticleSystems":false,"showVisualEffectGraphs":true,"m_FxEnabled":true},"in2DMode":false,"pivot":{"x":0.000001325272023677826,"y":0.008316440507769585,"z":-0.000020906561985611916},"rotation":{"x":0.2127058207988739,"y":0.6784979104995728,"z":-0.21578462421894074,"w":0.669313371181488},"size":0.012846226803958416,"orthographic":false}